segment,correlation,p_value,significant,n_samples,avg_sales,engagement_weight
Dormido,0.10818652197483054,0.20325175985267444,False,140,42206.980285714286,0.7
Leal,0.10226248177127192,0.21304189130843068,False,150,42084.058333333334,1.1
VIP,-0.03919742893232908,0.5490425584854833,False,236,35459.10927966102,1.3
Ocasional,-0.04526136594712593,0.5429216512372617,False,183,12695.872513661205,0.9
