r,p_value,significant
0.09136342099940489,0.13140700689352874,False
