window_days,avg_correlation,max_correlation,min_correlation,std_correlation,n_windows
7,0.13118862944057352,0.8859786881473356,-0.8314155785720223,0.3668073930536856,268
14,0.1403621285383087,0.6619062239893235,-0.4265396319817718,0.21162211116369412,261
30,0.13169493280488478,0.4919116127570279,-0.18075449381166828,0.12442549753764107,245
