r,p_value,significant
0.12275888520899486,0.04231415569268904,True
