window_days,avg_correlation,max_correlation,min_correlation,std_correlation,n_windows
7,0.06692672974752868,0.9041748167851704,-0.8788206072057079,0.38614235880494585,268
14,0.08986098220769691,0.6687910912400449,-0.5178890998752762,0.25244441918009014,261
30,0.11832176902971774,0.40239309669879025,-0.22789837300368482,0.13761763156537363,245
