r,p_value,significant
0.09136342099940484,0.1314070068935296,False
