window_days,avg_correlation,max_correlation,min_correlation,std_correlation,n_windows
7,0.06692672974752875,0.9041748167851705,-0.8788206072057079,0.3861423588049458,268
14,0.08986098220769702,0.668791091240045,-0.5178890998752761,0.2524444191800901,261
30,0.1183217690297178,0.40239309669879025,-0.22789837300368476,0.13761763156537363,245
