segment,correlation,p_value,significant,n_samples,avg_sales,engagement_weight
Ocasional,0.20619777252753943,0.005103347991218109,True,183,12695.872513661205,0.9
Dormido,0.06358533021294989,0.455448583849994,False,140,42206.980285714286,0.7
VIP,0.008237595419467066,0.899828053651985,False,236,35459.10927966102,1.3
Leal,-0.06165445044379179,0.4535520949283968,False,150,42084.058333333334,1.1
